,0,1,2
0,-81.07435040042269,155.8318540537031,0.125
1,-81.47240349349775,156.5767922819069,0.25
2,-81.47240349349775,156.5767922819069,0.0
3,-81.10499825440955,155.89535383995607,0.125
4,-81.10499825440955,155.89535383995607,0.0
5,-81.10499825440955,155.89535383995607,0.0
6,-81.10499825440955,155.89535383995607,0.0
7,-81.10499825440955,155.89535383995607,0.0
8,-80.89395763077054,155.5237034325619,0.25
9,-81.20168871049576,156.05645522939835,0.125
10,-81.14309124843685,155.94821201886992,0.125
11,-81.22205203966774,156.09119273721387,0.25
12,-81.76950701922036,157.15847904569236,0.25
13,-82.2837484967003,158.36517968410328,0.25
14,-82.2837484967003,158.36517968410328,0.0
15,-82.25626304196389,158.34285588638045,0.125
16,-82.25626304196389,158.34285588638045,0.0
17,-82.25626304196389,158.34285588638045,0.0
18,-82.27838729359772,158.16859956822663,0.25
19,-82.27838729359772,158.16859956822663,0.0
20,-81.62203163363797,156.85326668751833,0.25
21,-81.30793252797012,156.26915063564977,0.125
22,-81.30793252797012,156.26915063564977,0.0
23,-81.30793252797012,156.26915063564977,0.0
24,-81.31685571830035,156.28564998350197,0.125
25,-82.01799189679352,157.63975438039046,0.125
26,-83.16723890730702,159.9195138024404,0.125
27,-81.14544703812689,155.94773994651243,0.25
28,-82.75572663125777,159.0977898254737,0.25
29,-83.40234308909314,160.3854582631957,0.25
30,-80.09773335751503,153.7941063106038,0.375
31,-78.87454343387596,151.43613805434646,0.125
32,-78.92140050050793,151.51735800363335,0.125
33,-78.92140050050793,151.51735800363335,0.0
34,-78.92140050050793,151.51735800363335,0.0
35,-78.9076572335885,151.49022223156913,0.25
36,-78.9076572335885,151.49022223156913,0.0
37,-78.9076572335885,151.49022223156913,0.0
38,-79.11697039588978,151.87385568782847,0.125
39,-79.26256381555827,152.1437243331914,0.125
40,-78.57228199236444,151.1837627984334,0.375
41,-80.61416436763466,154.81579447992652,0.125
42,-78.59183380121961,151.0204359765847,0.375
43,-79.96449090786007,153.53040121101958,0.25
44,-79.84203626536176,153.29270006364885,0.125
45,-79.62407572570181,152.86740930796284,0.125
46,-80.26553834966623,154.11965451785323,0.125
47,-79.45321677268404,152.5080646675947,0.125
48,-79.87869222300188,153.34540441259594,0.125
49,-78.92441500400083,151.45323131126085,0.125
50,-78.92441500400083,151.45323131126085,0.0
51,-79.64215570867239,152.87832503075728,0.125
52,-78.49577507542749,151.03120019029734,0.25
53,-79.23661155406324,152.10229165522503,0.125
54,-79.23661155406324,152.10229165522503,0.0
55,-78.91253744873252,151.49320206822208,0.125
56,-78.91253744873252,151.49320206822208,0.0
57,-78.61170144486807,151.070019194215,0.125
58,-79.06007969410794,151.7640020792846,0.25
59,-79.50556820385805,152.62410624955996,0.125
60,-79.50556820385805,152.62410624955996,0.0
61,-79.32606369541162,152.2740962655779,0.125
62,-79.32606369541162,152.2740962655779,0.0
63,-79.32606369541162,152.2740962655779,0.0
64,-79.32606369541162,152.2740962655779,0.0
65,-79.50695973798027,152.626655207504,0.375
66,-82.06556597863427,157.70814567454516,0.375
67,-82.64760269014974,158.87072323278537,0.125
68,-82.54866110592074,158.6726311553096,0.25
69,-82.54866110592074,158.6726311553096,0.0
70,-82.54866110592074,158.6726311553096,0.0
71,-77.88159323687881,149.41484450405764,0.25
72,-77.42003757636768,148.88150671887067,0.125
73,-77.42003757636768,148.88150671887067,0.0
74,-78.64689745174262,150.87953886505414,0.125
75,-78.25813383119755,150.10633317186134,0.125
76,-76.24039154739793,146.18369775367205,0.25
77,-76.24039154739793,146.18369775367205,0.0
78,-76.24039154739793,146.18369775367205,0.0
79,-76.22065319962374,146.15250908134303,0.125
80,-76.22065319962374,146.15250908134303,0.0
81,-76.49987591092666,146.64755447940604,0.125
82,-76.49711206371074,146.64272629513758,0.125
83,-77.65932514672593,148.91121827708145,0.125
84,-77.97731392622363,149.54319517780544,0.125
85,-76.9642943330923,147.53732080849298,0.125
86,-76.51654235569372,146.76374013880212,0.125
87,-76.71276808839991,147.09001112628903,0.125
88,-78.67464864178578,150.92693560451755,0.25
89,-77.38202636818097,148.34852466486382,0.25
90,-76.50800400674953,146.63892570520636,0.125
91,-78.10483177816565,149.89383565288574,0.5
92,-78.1659415691997,150.00074966639042,0.125
93,-78.55828415093136,150.74080062833613,0.125
94,-79.57538988864636,152.73908328211485,0.375
95,-78.47215898760918,150.5546398640187,0.125
96,-78.09205462553662,149.81938940218447,0.25
97,-78.37890327864018,150.38140529545382,0.375
98,-76.75873853383266,147.24616852590577,0.25
99,-76.95770350635426,147.58241251415518,0.125
100,-76.17787915728638,146.59960220653883,0.125
101,-76.17787915728638,146.59960220653883,0.0
102,-76.82638730765518,147.25653760024767,0.125
103,-76.58400993939728,146.7820488720861,0.25
104,-76.56140391480629,146.7380233749102,0.125
105,-75.69730511707756,145.25435962956874,0.125
106,-75.69730511707756,145.25435962956874,0.0
107,-76.62056116375147,146.8536355959819,0.125
108,-76.62056116375147,146.8536355959819,0.0
109,-76.66398939784327,146.93868593444975,0.125
110,-77.23093145877048,148.0561999193463,0.125
111,-77.23093145877048,148.0561999193463,0.0
112,-75.25832233885619,144.12506863120544,0.375
113,-75.2124873299051,144.03514468871063,0.125
114,-75.34565418251263,144.29675830221805,0.125
115,-74.6077483291299,142.87644710167055,0.125
116,-74.6077483291299,142.87644710167055,0.0
117,-76.16138025213503,145.91136660786526,0.25
118,-76.29491535386981,146.17704871724538,0.125
119,-74.68263914697047,143.02928226734437,0.125
120,-77.09818044981228,147.77053221746343,0.125
121,-76.2968785873401,146.1648630335926,0.5
122,-71.2163904000426,136.18605144233052,0.625
123,-71.2163904000426,136.18605144233052,0.0
124,-71.2163904000426,136.18605144233052,0.0
125,-70.8165120824999,136.42455999947632,0.125
126,-70.96729766654951,135.82909269342036,0.25
127,-70.96729766654951,135.82909269342036,0.0
128,-70.96729766654951,135.82909269342036,0.0
129,-70.96729766654951,135.82909269342036,0.0
130,-70.96729766654951,135.82909269342036,0.0
131,-71.17074261083823,135.99684372889462,0.125
132,-72.20638479770605,138.01012811396035,0.5
133,-74.69769011085995,142.97172372307654,0.125
134,-71.95792836273236,137.50434891530588,0.25
135,-70.37065687283824,134.47122726980436,0.125
136,-70.37065687283824,134.47122726980436,0.0
137,-70.23841528645967,134.37321424929382,0.25
138,-70.23841528645967,134.37321424929382,0.0
139,-70.23841528645967,134.37321424929382,0.0
140,-70.23841528645967,134.37321424929382,0.0
141,-70.5788241032181,134.82350738619166,0.125
142,-70.34897367665126,135.4039130652642,0.125
143,-70.92124759315548,135.49458833053316,0.375
144,-70.79037120013841,135.30362546348027,0.125
145,-71.0905520861336,135.82715880570603,0.125
146,-70.80673170580799,135.38381781526513,0.25
147,-70.80673170580799,135.38381781526513,0.0
148,-70.80673170580799,135.38381781526513,0.0
149,-71.82688971150371,137.25671571753682,0.25
150,-71.82688971150371,137.25671571753682,0.0
151,-71.82688971150371,137.25671571753682,0.0
152,-71.82688971150371,137.25671571753682,0.0
153,-71.72931554401052,137.0680994788008,0.125
154,-70.70689708836883,135.41008951228915,0.125
155,-71.85848816203175,137.3025910980055,0.125
156,-70.94307428591507,135.48519545917313,0.125
157,-70.94307428591507,135.48519545917313,0.0
158,-69.5443701184392,145.75373394410448,0.125
159,-69.5443701184392,145.75373394410448,0.0
160,-70.74909079573472,135.09975773832534,0.25
161,-73.00224314152983,139.58208741131966,0.125
162,-71.09370938689135,135.78031497140276,0.125
163,-70.53243397091366,134.65443739717801,0.25
164,-70.32856449904284,134.25335163308293,0.125
165,-69.09032667698378,132.3221230122126,0.25
166,-69.09032667698378,132.3221230122126,0.0
167,-69.09032667698378,132.3221230122126,0.0
168,-69.64041294627671,132.9167399700877,0.125
169,-70.65755080385897,134.89764321469892,0.125
170,-68.86691401801478,131.36731372260698,0.125
171,-70.27288941477306,134.131644930561,0.125
172,-73.29354422061911,140.15715887683734,0.25
173,-65.44036173180288,124.52743965290598,0.375
174,-66.82535296610288,127.23713671577308,0.125
175,-65.93367952677312,125.47300314506033,0.125
176,-66.05457156213522,125.71035803870487,0.125
177,-67.54114161465793,128.66127929576146,0.5
178,-67.70271755981645,128.98367392644266,0.125
179,-70.46333370749454,134.4984137268618,0.25
180,-67.13033081324969,127.84654291942736,0.375
181,-66.97385187618613,127.53550612865384,0.125
182,-64.1974587185472,122.03034747351063,0.25
183,-69.76232677483888,133.09480990624206,0.375
184,-67.10006223222307,127.77387550501939,0.25
185,-65.61921368292381,124.8178222963308,0.375
186,-65.23397547382004,124.04153936747251,0.375
187,-62.5451960922714,118.67450749259424,0.25
188,-62.87923522802762,119.33935630340753,0.375
189,-62.67870976831694,122.21781014233422,0.5
190,-63.27878544970059,120.18778875493348,0.125
191,-63.3291263265817,120.28356598440791,0.125
192,-63.24037087163531,120.11528360407112,0.125
193,-63.24037087163531,120.11528360407112,0.0
194,-61.28825072946318,116.17125286672507,0.5
195,-61.0973019985252,115.79002635704629,0.25
196,-61.16892110774541,115.93168982918412,0.125
197,-59.98881867611827,113.65419240585787,0.25
198,-61.96575663386406,117.51575522352556,0.375
199,-60.71438814450458,115.04314212397723,0.125
200,-61.40955173682644,116.41014502630301,0.125
201,-61.55747408037882,116.69630769612486,0.375
202,-58.181992441537965,109.95721071704472,0.5
203,-57.575049202853315,108.76939625331646,0.125
204,-58.59509336925582,110.78435559273534,0.25
205,-58.028117047744814,109.7081669483369,0.25
206,-58.29787673566353,110.20072951205316,0.375
207,-58.29787673566353,110.20072951205316,0.0
208,-58.29787673566353,110.20072951205316,0.0
209,-58.85385785542615,111.29156956569918,0.25
210,-57.98210981010266,109.56501862095574,0.125
211,-59.61484222274628,112.81471555480539,0.5
212,-57.55803659023307,108.79836840077976,0.25
213,-57.642003986696594,108.93809208477754,0.25
214,-56.43123526747606,106.64272978490081,0.375
215,-56.43123526747606,106.64272978490081,0.0
216,-56.85010188703706,107.32583129454763,0.125
217,-57.32087693680147,108.24149934172979,0.25
218,-57.85763313185385,109.30529559902685,0.25
219,-61.36982674285549,116.31797444545477,0.5
220,-61.44425177380117,116.46647533564497,0.125
221,-59.07580830474675,111.73622314042491,0.375
222,-57.52824310758836,108.72318809469112,0.375
223,-59.7813272094936,113.15077877550918,0.25
224,-58.24988882562764,110.39974653621542,0.25
225,-58.24988882562764,110.39974653621542,0.0
226,-58.25965676512638,110.1360006654387,0.375
227,-60.71203059592592,115.00284475697927,0.5
228,-59.85409028039584,113.2897937536763,0.375
229,-57.27797279709994,108.18885061719867,0.375
230,-57.17106615147413,108.01093651640149,0.125
231,-59.935789176440224,113.44895368573164,0.125
232,-61.730017123427686,117.03296204932194,0.375
233,-58.366820446609594,110.31382389867336,0.375
234,-57.100424238341844,107.81653244873196,0.5
235,-56.49307920038704,106.68841785888608,0.125
236,-56.49307920038704,106.68841785888608,0.0
237,-59.14047684957865,111.858626399854,0.25
238,-56.51995337581021,106.62507094475353,0.25
239,-54.81947910802575,103.32775168902975,0.25
240,-54.93863316884373,103.52612660064464,0.125
241,-56.69740885122357,106.96971792882982,0.125
242,-56.538040293515536,106.65045174140253,0.375
243,-52.72300765572613,99.06064262730808,0.25
244,-52.82414897255281,99.25564402224845,0.125
245,-52.730965181835245,99.07310544568386,0.25
246,-52.56905107458688,98.76503637372218,0.125
247,-53.171283845540046,99.9384233115972,0.25
248,-53.14894948801353,99.89449007976009,0.125
249,-52.42296948353373,98.49464369903761,0.125
250,-53.06964991766169,99.73831171391957,0.25
251,-53.48470572943531,100.55502759870011,0.375
252,-52.97976222620119,99.55599285744518,0.125
253,-52.4226703861822,98.49103805763676,0.25
254,-52.810850764702444,99.22776983945431,0.25
255,-52.25359385212465,98.31564744631126,0.125
256,-53.13127569556623,99.85577395766799,0.125
257,-52.88664088338274,99.37879798990207,0.25
258,-53.249157870192455,100.09015032891566,0.125
259,-53.249157870192455,100.09015032891566,0.0
260,-52.4391422798806,98.51599464943358,0.375
261,-52.61536239665161,98.83559600475006,0.25
262,-52.42200858926066,98.45471504430121,0.25
263,-52.69216151249171,98.9822463017294,0.125
264,-52.948149186867035,99.48431738929013,0.25
265,-52.76191839034209,99.1264757238593,0.375
266,-51.97031945232849,97.98529128551802,0.125
267,-52.51425832884517,98.71200343219078,0.25
268,-52.4868656078744,98.67064364139547,0.125
269,-52.14202494338978,98.21852317768602,0.125
270,-52.14202494338978,98.21852317768602,0.0
271,-57.25930451469498,108.09724493769778,0.125
272,-53.73352784391531,101.05611968095383,0.5
273,-57.04177484756279,107.6564112469957,0.25
274,-51.589132464552364,96.87764896108823,0.25
275,-52.06220058792934,97.7459414358535,0.125
276,-52.09067084311377,97.80029558644878,0.125
277,-52.72387424037485,99.03861755609613,0.125
278,-51.704764315823,97.15464602315595,0.25
279,-51.85205872785485,97.38325273543576,0.125
280,-52.847246150758416,99.28591085514384,0.375
281,-52.904249437406385,99.39871548042497,0.125
282,-52.035433304412315,97.70213241356201,0.25
283,-51.66040584352243,97.25870335243928,0.125
284,-51.62216783714116,98.24521509975737,0.125
285,-52.38468326290474,98.37356434345911,0.125
286,-53.065253397364785,99.72370044259162,0.25
287,-54.32112373428506,102.22231637280636,0.25
288,-53.36527405644654,100.31293994128784,0.25
289,-52.41516908264563,98.43209771224201,0.375
290,-52.61226800262954,98.82021771036976,0.125
291,-52.61226800262954,98.82021771036976,0.0
292,-51.998409650679406,97.5868282513307,0.5
293,-52.43655312000738,98.45639870611475,0.125
294,-53.41360047437962,100.40379602784478,0.125
295,-52.339924722598084,98.25880067588668,0.375
296,-49.743892653471924,93.19012611394449,0.25
297,-49.743892653471924,93.19012611394449,0.0
298,-50.35355714844462,94.31001442617304,0.375
299,-51.46232701463584,96.50762735611492,0.25
300,-50.1756339698595,93.99063952702849,0.25
301,-50.6420142494997,94.88297922845516,0.125
302,-48.96113274118807,91.77697223278693,0.25
303,-51.220985751741644,96.01859655431493,0.25
304,-50.636247511179015,94.85226292599657,0.25
305,-48.90709784116559,91.40603649220215,0.25
306,-47.821644075995835,89.317183405101,0.25
307,-47.821644075995835,89.317183405101,0.0
308,-50.9172650382194,95.40524104418992,0.5
309,-45.53874622594656,84.70925066947319,0.375
310,-45.53874622594656,84.70925066947319,0.0
311,-45.74761473087435,85.10134960910119,0.25
312,-46.17981998311663,85.956239676136,0.375
313,-46.17981998311663,85.956239676136,0.0
314,-45.057465637336286,83.81471886150688,0.25
315,-45.33249601299722,84.31126530683284,0.25
316,-45.33249601299722,84.31126530683284,0.0
317,-45.14795794029822,84.02369991804248,0.125
318,-46.75807520964294,87.09825565209094,0.125
319,-44.95619286681893,83.51673855399137,0.25
320,-46.728003161491046,87.03331598562879,0.25
321,-46.728003161491046,87.03331598562879,0.0
322,-44.97571436028622,83.57649517362796,0.5
323,-45.37547669190937,84.34872828908948,0.125
324,-45.2191903055087,84.094177967341,0.25
325,-46.0796855534851,85.75335716374374,0.25
326,-46.0796855534851,85.75335716374374,0.0
327,-45.47785465640488,84.56742303242855,0.375
328,-45.532383643416956,84.67383864010753,0.125
329,-45.94238741086181,85.47694243602666,0.125
330,-46.29725038488563,86.18496747277534,0.375
331,-47.268646839725605,88.1154406552685,0.25
332,-47.51024151120332,88.59804837297928,0.25
333,-44.72128672294547,83.0967914246477,0.25
334,-44.72128672294547,83.0967914246477,0.0
335,-44.663727360134864,83.00082475164633,0.125
336,-49.29690701766964,92.16713762149672,0.5
337,-45.86993146477518,85.45697500150337,0.25
338,-45.60711451589674,84.85447680852687,0.25
339,-45.60711451589674,84.85447680852687,0.0
340,-45.60711451589674,84.85447680852687,0.0
341,-46.17131858964962,85.9400881057207,0.25
342,-46.17131858964962,85.9400881057207,0.0
343,-46.56545761747673,86.71356762561,0.25
344,-46.46958435848691,86.51843956918037,0.25
345,-44.3911203328023,83.59251928356359,0.125
346,-44.04553666669284,81.80397601750458,0.375
347,-44.04553666669284,81.80397601750458,0.0
348,-46.713410944371084,87.00331026058907,0.375
349,-46.99257931135937,87.55993395620824,0.125
350,-45.53012531064811,84.64332250959376,0.125
351,-44.319969392107446,82.27285194533029,0.25
352,-44.46370493176077,82.54978759399862,0.25
353,-44.3666794525677,82.36900231433708,0.125
354,-44.37321259222911,82.38093917444237,0.125
355,-45.67838372136859,84.93128425179916,0.375
356,-42.4401449590314,78.59840083011942,0.625
357,-46.058863255398954,85.68771890824665,0.375
358,-41.32788723259251,76.2405340339781,0.25
359,-41.76112946602409,77.1027818503762,0.375
360,-40.46294431268821,74.56952836108191,0.375
361,-41.50742348613626,76.59373808468303,0.125
362,-40.5950832566238,74.76466662004323,0.5
363,-37.1649566502371,67.93345219781858,0.5
364,-39.873664597407995,73.31806224613001,0.25
365,-34.503968929034635,62.59379466979573,0.75
366,-34.63792443058348,62.86817424536456,0.625
367,-36.320699427546195,66.220979837951,0.5
368,-33.89500380732077,61.47288361392975,0.25
369,-34.58202121994619,62.76296620092293,0.125
370,-34.44886399388991,62.505250382837666,0.125
371,-34.2050435440496,62.06480267895,0.125
372,-34.700756216057826,63.004236832179636,0.125
373,-34.74498852060762,63.08949512965846,0.125
374,-34.42374368212406,62.496474434617404,0.125
375,-34.42374368212406,62.496474434617404,0.0
376,-32.172430827266034,57.97499130940302,0.375
377,-32.42007330478638,58.436269298637306,0.375
378,-32.31677508924547,58.24083545513878,0.25
379,-33.243528590870795,60.07345698707297,0.375
380,-35.78625315395908,65.15251132304904,0.375
381,-33.65133732554807,60.950019906440076,0.125
382,-33.60279373522537,60.88404077737871,0.125
383,-35.45962896158249,64.49323786139877,0.25
384,-33.1429509892401,59.8914761330306,0.5
385,-35.33130336496509,64.23725527201476,0.25
386,-31.891968775823106,57.39014201833222,0.375
387,-32.01987213655139,57.75465213326623,0.5
388,-31.911831016888577,57.46563510257613,0.25
389,-33.06390492116395,59.71573668444168,0.25
390,-33.23423951667812,60.053327999221814,0.25
391,-32.42111757496826,58.46728252652585,0.5
392,-31.874313001627407,57.339500212553794,0.375
393,-30.170279570958517,53.9406663397319,0.5
394,-30.593921024792575,54.776474837616796,0.625
395,-29.915537201890757,53.428171846969555,0.25
396,-30.201091311689797,53.99123784812232,0.25
397,-30.53342054414636,54.653746087507635,0.375
398,-30.779772081009,55.14374309217685,0.375
399,-29.466498398483353,52.53205494325453,0.5
400,-29.670424180979786,52.92467093476344,0.375
401,-27.958060879814905,49.58834875061986,0.25
402,-29.039483977390674,51.66164887768109,0.375
403,-29.506656813042635,52.59238308799799,0.125
404,-27.98543620524639,49.56840668528348,0.375
405,-28.160134955366363,49.911504436643376,0.375
406,-27.826871313094465,49.27240935773396,0.25
407,-28.4029798088512,50.39360098550302,0.125
408,-28.520371945011995,50.623070716292396,0.25
409,-30.31260860845599,54.19728025387032,0.25
410,-32.88835725812707,59.34491330564005,0.5
411,-27.960197046652524,49.50611368365281,0.5
412,-29.394954713318523,52.36398566928499,0.625
413,-28.15161630719744,49.88151812467679,0.625
414,-27.191154673283176,47.990843619909015,0.25
415,-27.3738192229869,48.35849591064385,0.375
416,-30.188150179230778,53.94572269556317,0.375
417,-27.983735479477364,49.54083642258232,0.375
418,-25.813653787201574,45.4409626506915,0.25
419,-26.243583287565432,46.076044173829686,0.25
420,-26.039583819430575,45.68514697358775,0.125
421,-25.50423430883558,44.68619876284707,0.25
422,-25.50423430883558,44.68619876284707,0.0
423,-25.545243189978265,44.70253156057053,0.375
424,-25.311654810032802,44.23894116341863,0.25
425,-25.311654810032802,44.23894116341863,0.0
426,-25.64778832279449,44.88624684447636,0.25
427,-26.58497418690835,46.75078058072043,0.25
428,-24.391161213332563,43.00653004012546,0.5
429,-25.253795221777388,44.10672123484367,0.625
430,-25.17529891285508,43.958365388265086,0.25
431,-24.7201174028449,43.56112863181184,0.25
432,-25.98207180215556,45.57685700386732,0.25
433,-25.87139999600471,45.37725372915494,0.125
434,-28.350690785717802,50.274634814723576,0.5
435,-27.150582811432834,47.88275241210466,0.375
436,-27.61205588735591,48.80202620657401,0.5
437,-26.379291044792627,46.35512470617404,0.375
438,-26.071248873892127,45.766608027190685,0.25
439,-29.125251259329286,51.82150201952362,0.5
440,-27.15313733943167,47.88403187886107,0.375
441,-26.619226601970052,46.822231307259464,0.125
442,-25.61660349284501,45.087446265026166,0.25
443,-27.336034055740623,48.24955075437591,0.375
444,-25.901138454904867,45.418570672630466,0.25
445,-25.49727503279182,46.14291034077542,0.625
446,-25.728638139364282,45.11270159917691,0.125
447,-26.65712271678735,46.8968539300493,0.125
448,-25.551885305183408,44.70765432332237,0.5
449,-27.448127711755944,48.46926867928336,0.375
450,-26.90760030289303,47.39016451565737,0.625
451,-26.317642385037466,46.21476962488637,0.375
452,-25.694775430422464,44.97829298238273,0.25
453,-28.446842811695358,50.46624222236391,0.5
454,-26.407480306532058,46.85308405748197,0.625
455,-26.407480306532058,46.85308405748197,0.0
456,-29.677863639535545,52.92667793847869,0.25
457,-29.062232972857853,51.69685573155866,0.125
458,-26.513960605666043,46.619318991135614,0.5
459,-26.865770992540583,47.314671896796966,0.125
460,-27.022237755967794,47.625329230090145,0.5
461,-28.7090414000966,50.988752521457286,0.625
462,-23.975316673667578,41.56246060790496,0.5
463,-24.30924322950433,42.20757853707406,0.125
464,-23.071878531711278,39.75385484051582,0.5
465,-23.24619627967133,40.08796977140644,0.125
466,-22.659430604450343,39.48309066741592,0.375
467,-24.415238578354618,42.407627051105166,0.25
468,-23.70142457663509,40.99316447971002,0.25
469,-23.51591783166326,40.63491530872909,0.25
470,-22.496014200487668,38.57321084703688,0.5
471,-21.973790233257823,37.53387878190236,0.25
472,-21.296937878021822,36.18333548037045,0.625
473,-20.725691603590555,35.10630764170365,0.25
474,-22.609060111145308,38.79213915780029,0.5
475,-21.223906853516617,36.03260426426016,0.5
476,-22.03196291152674,37.63888026005673,0.375
477,-20.764591606865192,35.129790471335355,0.625
478,-24.008321770408447,41.585490913497964,0.25
479,-28.428929975242443,50.42460724214341,0.375
480,-21.953309860378454,37.48112593345623,0.625
481,-21.968916668437203,37.51225873241271,0.125
482,-20.58864100972993,34.88399485923956,0.375
483,-20.94231844385163,35.48066820479065,0.125
484,-20.539802754236682,34.88054973768147,0.125
485,-20.539802754236682,34.88054973768147,0.0
486,-20.950332979293478,35.49278837219024,0.25
487,-20.62415425109186,34.8986228248302,0.5
488,-20.87669362305484,35.35126128937627,0.375
489,-21.062880725835885,35.71508705397025,0.25
490,-20.789216193569104,35.16939783349233,0.5
491,-20.379650205221907,34.44165611002788,0.125
492,-20.325446624707414,34.40060933349737,0.125
493,-20.74555173761631,35.09850224342371,0.5
494,-20.59151146712312,34.813346693749764,0.125
495,-21.065705037990014,35.72237033155195,0.25
496,-21.378321130577213,36.340506965419046,0.5
497,-21.482919999259614,36.54613691528658,0.375
498,-20.78926520819406,35.174535051116095,0.125
499,-20.70376370402689,35.00954262211961,0.125
500,-20.44566210936266,34.521487637892555,0.25
501,-21.118347878238698,35.8171682733801,0.375
502,-20.7496416787154,35.12490923908422,0.75
503,-21.220834098838417,36.030169287314074,0.5
504,-23.58440571310127,40.73917660019614,0.5
505,-20.818820575262333,35.223191990691916,0.5
506,-20.028830726581965,34.17560661493356,0.125
507,-20.877253000342698,35.33258826846567,0.375
508,-21.259204224066053,36.10294809106889,0.5
509,-20.707771428844048,35.157432135264614,0.25
510,-20.608968265879035,41.86572039505418,0.125
511,-21.365336944196706,36.31593087477921,0.375
512,-23.019019483729288,39.60950997277818,0.5
513,-22.667566790241622,38.906524539653304,0.5
514,-21.68334745759863,36.94123144506065,0.75
515,-21.145046991521795,35.87162175760748,0.5
516,-20.97836824457,35.53583270928344,0.625
517,-21.935178282416597,37.44139295767936,0.5
518,-23.541060280176342,40.65022540404777,0.625
519,-22.399534041394926,38.370372536710455,0.375
520,-22.390782513930205,38.35143355231278,0.625
521,-23.813719633609356,41.19642653199106,0.625
522,-21.764961441546806,37.11214988139291,0.875
523,-22.196718923926188,37.97194682467082,0.25
524,-21.288103599973798,36.19330248664268,0.25
525,-20.8745259772652,35.43397546101769,0.125
526,-21.600113009014,36.79636914041159,0.25
527,-22.447129551510887,38.47794010739586,0.5
528,-21.661833578208324,36.92327267971567,0.75
529,-22.701465512243733,38.97838012845824,0.25
530,-22.403751833753496,38.38277383800587,0.25
531,-22.500841698837966,38.57993117180005,0.625
532,-21.671601009018794,36.937009104027084,0.5
533,-22.041699485168564,37.679285110834314,0.625
534,-21.557253478213553,36.72247225388949,0.375
535,-21.215859765932873,36.128017168298456,0.375
536,-21.215859765932873,36.128017168298456,0.0
537,-21.415449006365748,36.604206103907664,0.375
538,-21.415449006365748,36.604206103907664,0.0
539,-21.415449006365748,36.604206103907664,0.0
540,-22.235987599334273,38.082523648992776,0.5
541,-22.2088220629922,38.03928386002482,0.25
542,-22.360157653577406,38.329983309101834,0.375
543,-22.26112257760765,38.1280644735601,0.25
544,-22.26648443305076,38.12101247711775,0.625
545,-20.74181572003335,35.81584146802477,0.125
546,-20.74181572003335,35.81584146802477,0.0
547,-21.511416948720193,36.61108794250873,0.125
548,-20.175573766207698,34.504438477528524,0.125
549,-20.175573766207698,34.504438477528524,0.0
550,-20.94286903166677,35.4703086013895,0.125
551,-20.799430914560837,35.19132028511728,0.375
552,-20.45501808340125,34.52062714389881,0.25
553,-20.589082986934436,34.77384659279501,0.25
554,-20.493491589669844,34.590982414140605,0.25
555,-20.669236530669657,34.92125056762514,0.25
556,-19.599901270808513,32.821914760069106,0.125
557,-19.536228891984585,32.69470723496943,0.375
558,-19.536228891984585,32.69470723496943,0.0
559,-19.500583045418693,32.62992983571599,0.125
560,-19.619629803195036,32.84077048338179,0.375
561,-21.179581449416457,35.93460077747871,0.5
562,-22.891111651346414,39.35319507027327,0.375
563,-19.956899635683836,33.57359320615864,0.5
564,-19.956899635683836,33.57359320615864,0.0
565,-19.831476361018325,33.562735796399274,0.25
566,-19.831476361018325,33.562735796399274,0.0
567,-22.560060070463138,38.69038271307853,0.5
568,-21.516885368310433,36.607253485588465,0.375
569,-21.939493090907412,37.44919968500874,0.375
570,-19.805418503768774,33.188729953769304,0.625
571,-20.422272439478885,34.41661146326297,0.375
572,-19.242479752105663,32.07419537618083,0.625
573,-18.875059467428297,31.376737115136763,0.5
574,-18.608917726201565,30.817670896132874,0.375
575,-18.525065316520024,30.785878584089346,0.25
576,-18.672446607569064,30.958265794368447,0.125
577,-18.62141832290351,30.966151819236796,0.375
578,-18.62141832290351,30.966151819236796,0.0
579,-19.08773906056006,31.79141705642354,0.375
580,-19.571673740319763,32.724125797556276,0.375
581,-20.844364785484718,35.26019081006453,0.5
582,-20.740443957914874,35.053351228646015,0.375
583,-23.68110130359296,40.92990625209289,0.5
584,-20.446112025515518,34.467621392294035,0.75
585,-22.14348227828447,37.8569194310855,0.375
586,-19.113508368677547,31.836282408696427,0.5
587,-19.714444152020103,33.01204107809271,0.125
588,-18.863150248245148,31.337300170736956,0.25
589,-18.72819152283555,31.11629641852731,0.125
590,-18.741742991194837,31.153292810208246,0.25
591,-24.435356973318513,42.43848369395206,0.75
592,-20.312615508546642,34.20039298557901,0.625
593,-19.175408389958736,31.94681424429813,0.125
594,-19.710442228696618,33.00024994161114,0.25
595,-18.990093899106796,31.570700964898773,0.5
596,-18.52038083919124,30.66763715402351,0.25
597,-18.960002884191482,31.508803521514277,0.125
598,-20.41842050888658,34.40928884654953,0.375
599,-21.448434920716643,36.467201620811664,0.5
600,-20.032728845018312,33.64028547207742,0.5
601,-22.10011447333363,37.769868989324635,0.375
602,-21.459981145881077,36.4908566493217,0.375
603,-20.808019958119548,35.18615447639362,0.5
604,-18.27573152350274,30.163598131410485,0.5
605,-19.750152089103317,33.07533561126482,0.25
606,-19.081214108260298,31.744970273254832,0.625
607,-21.113948846651382,35.7973823770072,0.375
608,-18.61574971948776,30.838779166453055,0.375
609,-23.3290533704699,40.22525534300104,0.375
610,-20.833655929808085,35.2378189951417,0.25
611,-18.41911789563098,30.488005451553214,0.5
612,-18.97819071722438,31.53843215312349,0.375
613,-18.348662111022637,30.327026169799254,0.375
614,-18.55998514057247,30.715221614268835,0.375
615,-18.268139334482996,30.18852086878148,0.25
616,-18.295439021632983,30.266780164296776,0.375
617,-18.295439021632983,30.266780164296776,0.0
618,-18.57565964820713,30.74718211164487,0.125
619,-18.31552958183431,30.25741325745057,0.25
620,-19.620657420076952,32.816206378290296,0.5
621,-21.035043086683235,35.63999047538209,0.375
622,-19.505906274341122,32.58677154103907,0.375
623,-19.39521357212049,32.366075870058104,0.625
624,-19.976348146999392,33.52342386926024,0.5
625,-19.188044461452414,31.95234767543321,0.75
626,-18.713097277928732,31.018739493211005,0.375
627,-18.713097277928732,31.018739493211005,0.0
628,-18.474160534138022,30.667074011940436,0.375
629,-19.840404376224996,33.256697027434086,0.25
630,-18.620378031508924,30.851981403945338,0.5
631,-18.796701716109176,31.193528317955597,0.25
632,-18.367792073949584,33.61799491569088,0.875
633,-18.778098480667225,31.14549807525762,0.25
634,-18.709437122055345,31.010290446305564,0.625
635,-18.315996996744158,30.42686081374223,0.375
636,-18.507670224515532,31.010079628364025,0.75
637,-18.507670224515532,31.010079628364025,0.0
638,-18.845603176057946,31.288858397515572,0.125
639,-21.270301976193114,36.109105419184935,0.5
640,-20.90615380109271,35.38116910593016,0.25
641,-22.66931336556357,38.90553896137827,0.625
642,-17.89512269073447,29.445803014520028,0.625
643,-18.117126668550345,29.828770250072118,0.125
644,-17.862321881870294,29.389171645531576,0.25
645,-19.115830237576876,31.802695106343528,0.375
646,-21.506507247656646,36.58038425019407,0.75
647,-16.806727669444456,27.190711589180143,0.5
648,-16.700269284549353,26.980045270366766,0.25
649,-16.95580646219994,27.487547780061696,0.875
650,-17.36886849500587,28.31064210932633,0.5
651,-17.167279157080504,27.919294153598333,0.625
652,-17.41989216002882,28.413552572572893,0.5
653,-17.325538245002765,28.229709825005518,0.625
654,-16.801962390624105,27.244041708889846,0.625
655,-16.861937398657687,27.317043748198,0.625
656,-17.751071255695166,29.079442719631178,0.5
657,-17.127582733072067,27.92376910296966,0.25
658,-18.160976144673562,29.893244536318782,0.25
659,-17.53884260673656,28.65190187858993,0.375
660,-18.27404062956494,30.121381206149092,0.75
661,-18.130963967727666,29.831814756029672,0.875
662,-18.0092355925155,29.59838121626455,0.625
663,-17.7064722151073,29.025952457600805,0.5
664,-17.76178587819275,29.12953216654447,0.375
665,-18.80570229680276,31.181412888426742,0.75
666,-18.738228785445298,31.045658196116598,0.875
667,-17.690753209208417,28.959375654050337,0.375
668,-18.079889596727206,29.7549225208968,0.5
669,-18.29589128952727,30.167283799444597,0.5
670,-18.260871721506092,30.105414968972955,0.875
671,-19.680373553621283,32.93091839618343,0.75
672,-18.66804021303684,32.46902620191515,0.375
673,-18.886360541815232,31.409030186326554,0.25
674,-18.965689902103584,31.77021797357943,0.375
675,-19.755740276573704,33.133688919381136,0.5
676,-21.622537113112607,36.81378452933633,0.25
677,-19.976602257656705,33.54039628994897,0.625
678,-20.366315154399576,34.3075365660125,0.25
679,-20.535407636824818,34.64080776475653,0.375
680,-22.498118973871165,38.5634334717097,0.75
681,-21.28034848504605,36.133746427544125,0.5
682,-19.920028476724934,33.45018658694726,0.5
683,-20.292864991766578,34.16414799169834,0.25
684,-20.598565142074406,34.76650355973487,0.5
685,-20.226252071272917,34.02371339910786,0.5
686,-18.892264410899376,31.373744464934862,0.625
687,-19.233892145434485,32.04151910573993,0.75
688,-18.225958714398992,30.082998976338445,0.125
689,-19.049890095056796,31.67238500199162,0.375
690,-20.86008932731855,35.28825712413135,0.375
691,-19.545163282336407,32.660872680684236,0.875
692,-19.780251592206845,33.13475029442199,0.375
693,-19.203985250825117,32.00301105784125,0.375
694,-19.773451133282364,33.123618962171804,0.125
695,-18.92599687459868,31.439305228665173,0.5
696,-20.291110918014663,34.153239559457234,0.375
697,-18.997884127647808,31.57873839757002,0.5
698,-18.51143495053252,30.643891168944787,0.125
699,-18.718268314924842,31.047356169995492,0.25
700,-18.718268314924842,31.047356169995492,0.0
701,-18.424632602411492,30.8699684230326,0.25
702,-19.244944067533197,32.07090921563425,0.25
703,-22.482669686434168,38.53233202571062,0.625
704,-18.369260661682098,30.340331658698226,0.5
705,-19.656260238515724,32.88388962628208,0.5
706,-18.565638034410796,30.711664759471375,0.25
707,-19.087297026788114,31.746598107132495,0.5
708,-17.459153155929187,28.56903011092231,0.625
709,-17.545693880362986,28.84130169914553,0.625
710,-18.076881548992997,29.74222463434728,0.5
711,-17.914754055594162,29.439008643316246,0.25
712,-17.791839199941514,29.24153164634454,0.125
713,-17.791839199941514,29.24153164634454,0.0
714,-18.136121601621493,29.86261446280598,0.5
715,-17.698837280463916,29.06231982178282,0.125
716,-18.064069869622223,29.725302629122144,0.375
717,-19.702879270781033,32.97454150673887,0.25
718,-18.79091024358704,31.154703454452253,0.375
719,-18.538604047565396,30.64929102563733,0.5
720,-17.935476266321384,29.447801392270463,0.375
721,-18.17397413153003,29.920494933471563,0.25
722,-17.45343909757615,28.492892245178396,0.5
723,-17.850594259909027,29.277550384174937,0.5
724,-17.541631742676465,28.70225700496935,0.625
725,-18.713855031077433,30.999409323237813,0.5
726,-17.796564453539652,29.172589999896434,0.25
727,-17.47825203652565,28.601119790656572,0.375
728,-17.878043920578182,29.33979502326751,0.375
729,-17.363101250386453,28.739356224888862,0.125
730,-17.363101250386453,28.739356224888862,0.0
731,-19.30147131651396,32.173360863495304,0.375
732,-17.77148423586127,29.13329379278619,0.375
733,-17.464132080082983,28.540055182421213,0.375
734,-17.943491799300194,29.46541858971205,0.375
735,-17.69905566954219,28.974499988789344,0.75
736,-18.082901744390426,29.73943586177504,0.375
737,-16.34721678336434,26.28336094554516,0.5
738,-17.88665083352445,29.342953779753458,0.375
739,-16.988761158012895,27.551006735257157,0.625
740,-16.87594191469798,27.326576674093538,0.25
741,-16.82660686030372,27.229088635270504,0.25
742,-17.147493340544997,27.868954401143558,0.375
743,-16.46897907130155,26.549092187655564,0.375
744,-16.96836536728004,27.512547991822657,0.375
745,-19.843081576199264,33.252589836446724,0.625
746,-17.07163666770875,27.71464467770678,0.625
747,-16.868470117159195,27.308954642769947,0.5
748,-17.24739370483119,28.0644984125347,0.75
749,-17.380974891899875,28.331611953023895,0.375
750,-16.530715623589014,26.64109002844296,0.75
751,-15.991808159402956,25.665272802359738,0.375
752,-17.135756789496554,27.84431662156476,0.125
753,-16.373349808734964,26.359665758919146,0.625
754,-16.373349808734964,26.359665758919146,0.0
755,-16.522701932838977,26.63301368925061,0.75
756,-16.447599214527948,26.49366185087907,0.5
757,-17.834175221228428,29.23677017233268,0.5
758,-19.416668027664784,32.39974884433708,0.625
759,-15.789431446120012,25.15434119955739,0.75
760,-15.798195487637946,25.16965987083302,0.375
761,-15.289935649265335,24.368004119422263,0.25
762,-15.457306368096733,24.530787341923944,0.375
763,-16.159556013390162,25.890149696283597,0.125
764,-15.409065728573113,24.48837386675592,0.75
765,-15.48687705022196,24.598060788591347,0.25
766,-16.323332290590518,26.217493237051475,0.5
767,-15.569086990448127,24.72379384897979,0.75
768,-15.49213422397655,24.57775927717085,0.25
769,-16.255072120795436,26.08076752066776,0.25
770,-16.53873981767814,26.646145483004158,0.5
771,-16.757286596397673,27.082599714943743,0.5
772,-15.965016582176226,25.787762634318046,0.75
773,-16.12465641597324,25.850671774769275,0.375
774,-16.87209632134925,27.36951598577492,0.375
775,-16.73595607328463,27.07235970854885,0.75
776,-16.70145207328323,27.23819453878795,0.25
777,-16.897272704319672,27.3626518334104,0.375
778,-15.647457458327102,24.896292474203786,0.5
779,-15.707697395318467,25.5477655240993,0.125
780,-15.54450368101269,24.72688666166745,0.375
781,-16.744702349210066,27.060132860856402,0.75
782,-16.845952208128633,27.26040609485669,0.625
783,-15.305249906764534,24.191395682823707,0.75
784,-15.360230549967202,24.28997012235161,0.375
785,-14.673878462906615,22.919579403878643,0.75
786,-16.20981443652649,25.986934779797433,0.5
787,-16.89766275796462,27.363041973313855,0.625
788,-19.061086130537603,31.688406360726315,0.75
789,-17.30555654180075,28.179110545635535,0.625
790,-16.23090840018776,26.031910157191525,0.5
791,-15.804075647590816,25.181066009702768,0.75
792,-15.6597340834106,24.99367216445618,0.5
793,-15.432544077553978,24.674961844534526,0.375
794,-16.33179233878915,26.23381392327006,0.25
795,-16.019318897745407,25.617997133407655,0.75
796,-15.694456331500575,24.96595483918973,0.25
797,-15.157047629386124,23.90716600333961,0.5
798,-14.810179679634503,23.24416070260308,0.375
799,-14.91224968692611,23.419398252191332,0.375
800,-15.609870081762756,24.79163301504529,0.125
801,-16.223003777569073,26.02651021073283,0.625
802,-16.247614927468938,26.073485423812578,0.375
803,-16.652611504522373,26.87727920116108,0.75
804,-15.77141905812396,25.175720660232276,0.25
805,-16.484999722807885,26.544117009422717,0.375
806,-18.996920170129236,31.560465354618877,0.875
807,-17.153148846862717,27.875778441041323,0.5
808,-18.24257368451573,30.052250404632517,0.375
809,-16.785427010717147,27.14145525024993,0.625
810,-16.870141378191235,27.31088719875127,0.625
811,-17.23584046503682,28.04381245848268,0.75
812,-17.2799808059132,28.13342244081491,0.5
813,-16.89143723486348,27.43414320728211,0.5
814,-16.890899181955174,27.35240610420244,0.25
815,-16.877743106600963,27.328564779397798,0.375
816,-17.906959669129442,29.385794757048075,1.0
817,-20.480732263953122,34.53301215120889,0.75
818,-20.1140552735144,33.805816696261154,0.5
819,-20.20278359140742,34.005316359408766,0.375
820,-20.18133191608613,33.98200647805098,0.25
821,-20.55840787321482,34.6911225234271,0.125
822,-20.3483853500203,34.27796205770372,0.25
823,-20.13978459929114,33.863813581980466,0.375
824,-20.53413533444299,34.639447870160396,0.375
825,-20.071077847693,33.73773209290908,0.375
826,-20.00057663309162,33.574074206744775,0.875
827,-19.881155214075683,33.33163249568318,0.5
828,-19.44080550547395,32.46914486427699,0.75
829,-20.7323667979842,35.03408132171006,0.625
830,-20.185028025577374,33.96387769386729,0.625
831,-21.68430014057178,36.93788541536587,0.875
832,-21.541530026869623,36.65207281246785,0.75
833,-20.65662930535559,42.36306108987696,0.5
834,-26.165934771944595,45.896773198970976,0.75
835,-21.17349096367213,35.9122840540711,0.875
836,-16.271776828898226,26.116710288188386,0.5
837,-16.227392292358928,26.02769579612862,0.875
838,-16.88254902226814,27.338929105031113,0.75
839,-16.29235441725608,26.15253982407764,0.625
840,-15.717087464824298,25.01797892452818,1.0
841,-15.982639608177362,25.559760459186265,0.25
842,-15.580783078278449,24.730713773693758,0.75
843,-14.594440129662436,22.76229596844009,0.75
844,-14.496475643112976,22.564081874528014,0.875
845,-14.862510468432323,23.293837363481366,0.875
846,-15.251283252528063,24.072869246203954,0.5
847,-15.059140019464156,23.699299533685192,0.625
848,-14.696096861585206,22.977146793023927,0.5
849,-14.827230499555109,23.228215368858788,0.375
850,-14.184601787846606,21.946235466567735,0.875
851,-13.99582810686541,21.74507903306238,0.375
852,-13.57876144082897,20.805391880339695,0.375
853,-13.295535341102003,20.215130749215827,0.625
854,-14.734073472032996,23.035619764439687,0.75
855,-15.096045308606069,23.760131522737943,0.5
856,-13.76932951363287,21.119599189221248,0.625
857,-14.307411189899147,22.18741024377746,0.5
858,-14.323888959040733,22.217483952024292,0.625
859,-13.775107515872936,21.125563151756385,0.625
860,-13.177303932464412,19.981006524581826,0.375
861,-13.068026269519528,19.73421594806441,0.5
862,-14.934984809779957,23.452249980959945,0.625
863,-14.806526959017228,23.191866751677104,0.625
864,-14.827469974244412,23.28885512377637,0.375
865,-14.952047295110932,23.48898588774159,0.125
866,-15.839675714877195,25.24989608796476,0.5
867,-15.422847146470742,24.41749764121753,0.375
868,-15.87356028099676,25.316017212050735,0.75
869,-16.361378733199967,26.290828565357444,0.75
870,-16.782404835876754,27.131649101853156,0.625
871,-12.494880364678508,18.56674475557569,0.625
872,-13.900983772088669,21.369543058056525,0.5
873,-12.835254919919144,19.412073724163548,0.5
874,-12.773763126471884,19.1478747807772,0.375
875,-13.334329556911815,20.23823674242958,0.25
876,-12.936999195852053,19.44944322442732,0.5
877,-12.401177609005675,18.428008643619297,0.875
878,-12.785806196862751,19.146649493172205,0.25
879,-12.34522627784392,18.318650751917218,0.25
880,-12.376056783717416,18.360554455211627,0.25
881,-13.743377900243196,21.056196681705988,0.5
882,-16.355281043299268,26.276881641254683,0.625
883,-14.20463912228928,21.977018287691905,0.75
884,-13.417420897355425,20.40526927921728,0.75
885,-13.11181091921398,19.801299382157964,0.5
886,-13.255174800260342,20.085663253761577,0.375
887,-13.393053801009831,20.415391441555023,0.375
888,-13.455678113127682,20.56873353304597,0.75
889,-14.252816133210048,22.073146230680127,0.375
890,-13.6386784931162,20.84771092536578,0.5
891,-13.807775559050793,21.188317007428292,0.5
892,-13.574937322475552,20.72753231021499,0.75
893,-13.667201010394805,20.90330769460471,0.5
894,-13.188620500979876,19.962485381764754,0.625
895,-13.770151138791807,21.107971212041758,0.5
896,-14.182971685492788,21.932498759933498,0.875
897,-14.091049162207463,21.75209013241842,0.875
898,-13.683846935348438,20.945931445028766,0.5
899,-13.241937811749873,20.054575572459957,0.625
900,-13.588587441403574,20.74613208978897,0.875
901,-14.64474637617066,22.855429453452125,0.75
902,-13.490546880679716,20.548523848058636,0.875
903,-13.737976385450601,21.0428001888005,0.625
904,-13.62220840626783,20.82015949808793,0.625
905,-15.924338360885915,25.414062196616218,0.75
906,-12.335390040297261,18.24269504999784,0.75
907,-12.996652905879479,19.560896551446916,1.0
908,-12.76480998296306,19.096678792787667,0.875
909,-13.527930065546848,20.62486385319906,0.75
910,-14.325721633554085,22.220563204320207,0.5
911,-14.100406785119686,21.767247159851937,0.625
912,-14.716734107631112,23.001117601650968,0.875
913,-13.768394970683842,21.102607357665256,0.75
914,-13.69028957777181,20.945481118562128,0.875
915,-11.180396008197398,15.926178223866781,1.0
916,-12.459025620218727,18.48463862290508,0.625
917,-12.370849231184152,18.30604137674285,0.625
918,-11.597562001634616,16.760040606962626,0.625
919,-11.928170694782283,17.420872256871128,0.75
920,-11.763240215626498,17.091555899970643,0.875
921,-11.587590373877367,16.740098751906988,0.75
922,-12.168339336410115,17.90134358847137,1.0
923,-11.86106486132037,17.2875917512478,0.875
924,-11.828871111672129,17.223848430361656,0.5
925,-12.206525339741766,17.978387735782857,0.875
926,-12.003509835964659,17.57199187199069,0.625
927,-12.02938456929246,17.623511203556035,1.0
928,-12.294869605423393,18.155108841558793,0.875
929,-12.38498175154491,18.33571996874239,0.625
930,-11.96488335715391,17.495408286965738,0.875
931,-11.683019848994878,16.930669835049002,0.75
932,-13.986383323786585,21.53700340437864,0.875
933,-11.550330985790225,16.666816393776347,0.875
934,-10.766709669124403,15.09980395075782,0.75
935,-11.233186643600348,16.031847480230237,0.75
936,-13.064056933160657,19.696496210019436,0.75
937,-16.3259958642348,26.216418243424247,0.75
938,-10.891980795594748,15.349617413140919,1.0
939,-11.285254420444275,16.137592787987558,0.75
940,-11.954455552821054,17.473559923837605,0.875
941,-12.084405846374986,17.733461840427626,0.875
942,-11.409985495714873,16.38516984587052,0.625
943,-11.65321465688384,16.872458671613835,0.875
944,-12.83732778765711,19.241511608931233,1.0
945,-15.552149753701737,24.66904251040722,0.75
946,-15.096916352600935,23.758839408966935,0.75
947,-13.616706184052699,20.79974256117529,1.0
948,-15.229826998656414,24.02424404491937,0.625
949,-14.807745721200611,23.18033754211977,0.5
950,-13.820853840794173,21.20738755628475,0.625
951,-14.233000965086397,22.03150024658031,0.75
952,-13.70651256302439,20.977865940338507,0.875
953,-14.565961603931944,22.6965560632023,0.625
954,-12.318784625881532,18.20234224491847,0.75
955,-11.869414694853722,17.303644303332412,0.75
956,-13.118296256279686,19.801087673745762,0.75
957,-12.195623040016555,17.956785645354998,0.875
958,-11.962301122323048,17.490201338168866,0.75
959,-11.69130632129033,16.94832991872311,0.875
960,-11.420864951548042,16.407356090273904,0.75
961,-11.457043912770178,16.47904092205097,0.75
962,-10.626932698934764,14.819338496434781,0.75
963,-11.68208785555617,16.9298613079063,0.625
964,-11.462624288345257,16.49108155295569,0.625
965,-12.126409021629637,17.818045337663815,0.75
966,-12.343232356897637,18.251532654256426,0.625
967,-11.97521131840902,17.51672654747418,0.875
968,-12.347018042526782,18.261113594388064,0.75
969,-12.359510703169445,18.283896452722644,0.875
970,-11.156744891017992,15.878726336708695,1.0
971,-11.151289449139673,15.86797429371574,0.375
972,-11.45224260895474,16.470290654885314,0.75
973,-12.416935734611279,18.40003809865701,0.875
974,-12.760521586430244,19.085915748402467,0.75
975,-11.773482510085154,17.11203441957843,0.75
976,-10.532812117178217,14.63147922887351,0.75
977,-10.830024516984453,15.22554013892928,1.0
978,-11.582386152637252,16.73133569780935,0.75
979,-10.747512598025782,15.060616684543536,0.75
980,-9.906434532683587,13.377823243187871,0.625
981,-9.781021774476152,13.127333063912367,0.75
982,-11.029485774353923,15.623617757311592,0.75
983,-11.213292460223117,15.992827781236262,0.75
984,-10.66149856398144,14.888552340013767,0.5
985,-10.387669232608282,14.340319272386948,0.875
986,-11.291619532067774,16.147998433148036,0.625
987,-10.116391042415884,13.797810985789885,0.875
988,-10.320541163726766,14.206066021665464,0.875
989,-10.556385540763094,14.677907056068646,0.875
990,-10.191564068709427,13.948219529296418,0.5
991,-9.830508435643232,13.225988202877272,0.875
992,-9.787853150226388,13.140530357101678,0.75
993,-9.893806863081739,13.352353822614626,0.75
994,-10.05179005678951,13.66831604323437,0.75
995,-11.230190003516496,16.026720073897483,0.875
996,-10.628026994855707,14.820823137183378,0.875
997,-10.331073388621048,14.227379120872623,0.75
998,-10.172945460666913,13.910878381471475,0.75
999,-10.390369416014245,14.345530570113004,0.375
1000,-10.548390969980971,14.661325880019518,0.625
1001,-9.874660592662867,13.314228433744637,0.5
1002,-9.83044961395041,13.22567396273319,0.875
1003,-10.03060733432067,13.62593925994503,1.0
1004,-9.82772734854671,13.220302149708854,0.5
1005,-9.85464607309483,13.275387321518808,0.625
1006,-9.990687015071646,13.547699651835465,0.625
1007,-10.013995823826273,13.593430259137188,0.75
1008,-10.808677222385985,15.18205689464798,0.75
1009,-10.453154729715862,14.47200670148153,0.875
1010,-11.195835277887376,15.959360101618017,0.75
1011,-11.656638546833275,16.879305079469702,0.75
1012,-11.305953285355915,16.17771758372265,0.75
1013,-12.734542377824958,19.033644768419798,0.875
1014,-11.257904304087528,16.08093626904586,0.75
1015,-11.867627587255,17.30102399753006,0.75
1016,-12.262684113391671,18.090204275583933,0.75
1017,-11.426457967625673,16.41784243068027,0.625
1018,-11.718479257024219,17.00206281652522,0.5
1019,-11.995977612788176,17.55736752786758,0.625
1020,-12.790686002898699,19.14722946553953,1.0
1021,-11.842357772501497,17.249780357400162,0.5
1022,-12.941215251753471,19.44894646549716,0.875
1023,-11.10865866516528,15.782240890419187,0.75
1024,-10.962751616504942,15.490092583602397,0.875
1025,-11.692487231532994,16.949347194477117,0.5
1026,-11.219446063491251,16.003611317905303,0.875
1027,-11.46227748760247,16.488936400696204,0.875
1028,-11.735356551470094,17.03506663719797,0.625
1029,-12.401004035811855,18.36635577311481,0.75
1030,-11.994019342863417,17.552466937572614,0.75
1031,-10.901680404097522,15.368027997329332,0.625
1032,-12.21170606625408,17.989564704184357,0.75
1033,-11.47068253458491,16.50613133533591,0.625
1034,-11.684327739784067,16.933222579771396,0.75
1035,-11.440355615802641,16.44573153981129,0.75
1036,-11.075219615894003,15.716013237024423,0.875
1037,-11.54558546250167,16.65726342201244,0.625
1038,-11.012055417778596,15.589498228503295,0.625
1039,-11.098524501673081,15.762027595267146,0.875
1040,-12.955086253195677,19.47460939945116,0.75
1041,-13.486180255838306,20.53671504817123,0.5
1042,-12.200003359081414,17.9649833765598,0.875
1043,-11.210906369475975,15.986577458552688,1.0
1044,-12.27331410927371,18.112304230698868,0.875
1045,-13.076694112655838,19.717717900673023,0.75
1046,-13.206788516487759,19.978865380303453,0.75
1047,-14.119499135116698,21.803767081820432,0.75
1048,-13.668944289441324,20.902850827760986,0.75
1049,-13.947676546953456,21.459869739898853,1.0
1050,-13.413565025414247,20.394152789686647,0.875
1051,-14.539980002241029,22.64779336129549,0.875
1052,-14.055069605397783,21.676822846765358,0.375
1053,-14.128925765117769,21.822492454201154,1.0
1054,-12.890663093852503,19.347721988283475,1.0
1055,-13.259824522058295,20.08438209896844,0.625
1056,-14.260143538463954,22.08489190668235,0.875
1057,-12.27992325013626,18.131104786417552,0.75
1058,-11.989509293763536,17.549361753226666,0.25
1059,-11.842388273372862,17.252381682386666,0.5
1060,-14.999081102871685,23.56411640292854,0.625
1061,-14.562112235051924,22.691234320776694,0.5
1062,-11.613448741102466,16.794276580943635,0.875
1063,-11.998224720157959,17.562210741948206,0.75
1064,-11.458097298844724,16.483394568642645,0.75
1065,-12.456038832709094,18.48117258835456,0.625
1066,-12.89902794883755,19.36393830359382,0.625
1067,-13.39087795532653,20.347120334268745,1.0
1068,-13.089056637055895,19.74523481596573,0.75
1069,-11.912229520176082,17.389952165109953,0.75
1070,-11.886416362399093,17.33814398470123,0.625
1071,-14.4504860058398,22.470681058119872,0.75
1072,-12.28547311408489,18.136123981563195,0.875
1073,-12.255025082790585,18.075415516037147,0.625
1074,-11.69161650582193,16.948061328533363,0.875
1075,-11.879856198905737,17.324386468303434,0.5
1076,-10.85912691815696,15.283657670126308,0.625
1077,-11.230623441128618,16.02640789830804,0.625
1078,-11.81711123262195,17.1989291674605,0.75
1079,-10.644057090651973,14.853956312106174,0.875
1080,-10.023081368009507,13.611960915689263,0.875
1081,-11.38033672440486,16.32523098551269,0.875
1082,-10.447898714471904,14.46065278461041,0.5
1083,-10.874002784805693,15.312692143795601,0.625
1084,-10.046024662795633,13.65729007511128,0.75
1085,-9.70226526762118,12.970027139725307,0.875
1086,-9.551095981434951,12.66657576454465,1.0
1087,-9.57934877985396,12.722994337769705,0.5
1088,-9.346088322904302,12.25656930566134,0.75
1089,-10.527824143961178,14.619938242512742,0.75
1090,-9.915658040400153,13.39598378149056,1.0
1091,-9.202093875542296,11.968629637793144,0.875
1092,-9.63272774787219,12.829535576580625,0.875
1093,-9.807775643644511,13.179850087962542,0.75
1094,-10.555195117086736,14.674562484464634,0.75
1095,-9.300921710445774,12.16626286295941,0.75
1096,-9.49870246251449,12.561916980350711,0.75
1097,-9.778417597823049,13.12135747542371,0.75
1098,-9.036218560980696,11.636607902493846,0.5
1099,-9.557664849872545,12.679447574839648,0.625
1100,-9.377189081629954,12.31873814126229,0.625
1101,-10.0265107256647,13.617571709531058,0.875
1102,-9.235756794412808,12.035791203285346,0.625
1103,-9.264988104643447,12.094319186039515,0.75
1104,-8.839195393558583,11.242619604266455,0.625
1105,-8.876409148999125,11.317080344091409,0.875
1106,-9.721624236085564,13.00763836906414,0.75
1107,-9.971354107630724,13.506763072205466,0.75
1108,-9.630939672146665,12.825916769299727,0.875
1109,-12.556524232350814,18.677033013274624,0.875
1110,-10.274818395802782,14.113772941303461,1.0
1111,-10.029605287399473,13.623465685520832,0.75
1112,-10.563856997204185,14.691796355062536,0.875
1113,-10.998356019481974,15.560804469523655,0.5
1114,-12.020000641106112,17.60406401567373,0.75
1115,-11.342472726995137,16.249038975072104,0.75
1116,-11.759598112510254,17.083317826397266,0.5
1117,-12.65068324970106,18.86551062234338,0.625
1118,-11.067150632485085,15.69841505363743,0.75
1119,-11.971230289537907,17.506611685972846,0.875
1120,-12.118181441291583,17.800554391515938,1.0
1121,-11.42384118235004,16.411898713595793,0.75
1122,-11.9573989064328,17.479126848045393,0.875
1123,-11.837043610666647,17.238401810316155,0.75
1124,-12.642634039623848,18.849606055475405,0.875
1125,-13.654259147233578,20.872786644904792,0.625
1126,-16.048923255930536,25.66228294015931,0.875
1127,-14.990643930805895,23.545675429381767,0.375
1128,-14.342429033064803,22.24917957758219,0.75
1129,-14.373309981542146,22.310931136229208,0.75
1130,-12.680104093034084,18.924432301919545,0.875
1131,-12.884937036108463,19.334072890334824,0.875
1132,-12.652138035326868,18.868476367545256,0.75
1133,-13.120992467873908,19.806223926927103,0.75
1134,-14.084417256965096,21.73318675981457,1.0
1135,-12.929055512172507,19.42216838076512,0.625
1136,-13.617283097164261,20.798643147270113,0.875
1137,-14.714725084280424,22.993524192942772,0.625
1138,-11.775492938495772,17.115214198182912,1.0
1139,-10.623746831526484,14.811726041670585,0.5
1140,-11.235561791463393,16.035387927978654,0.75
1141,-11.959130963181307,17.482516260797425,0.625
1142,-13.546678777780821,20.657886964409634,0.625
1143,-11.693223399851405,16.950764640047545,0.875
1144,-11.6635786307518,16.89151012445482,0.75
1145,-10.947714336976954,15.459698129575308,0.875
1146,-10.840670748681276,15.245621391174799,0.75
1147,-11.297415049222518,16.159345325382585,0.875
1148,-9.967436764644866,13.49933886935044,0.75
1149,-10.005762121393653,13.575930280268135,0.625
1150,-10.342125441961644,14.24884859305375,1.0
1151,-10.559075728371589,14.68258796508343,0.75
1152,-10.371688797442577,14.307820091212395,0.875
1153,-10.627562217732574,14.819522417988049,0.75
1154,-9.910707678087594,13.385657701439563,0.75
1155,-10.588050080723923,14.740289217705998,0.75
1156,-10.380588003105391,14.325465025129475,0.75
1157,-11.572849520314582,16.710228617008,0.875
1158,-9.675987983102411,12.916133345721388,0.75
1159,-9.218728555594131,12.001631672043787,0.5
1160,-8.771367380755686,11.107069154265707,0.75
1161,-9.178073521525544,11.920336314611873,0.875
1162,-8.865451215739219,11.295147435761187,0.75
1163,-8.741594976318765,11.047495509074416,0.625
1164,-8.852424926951688,11.269075874457501,0.75
1165,-9.093736575038761,11.751885765918647,0.75
1166,-8.602347017060271,10.76895486358925,0.875
1167,-8.159092897078995,9.882403947661194,0.75
1168,-11.1488012420843,15.862134968404598,0.75
1169,-8.085550297450792,9.735300536065928,0.75
1170,-7.965522162556839,9.495189842781391,0.75
1171,-7.967844513035379,9.49994467915927,0.625
1172,-7.583444237296165,8.731073830634548,0.875
1173,-9.426910058112416,12.418121643453617,0.625
1174,-7.145538606381159,7.8551983942127865,0.625
1175,-7.111333185910961,7.78675769747605,0.375
1176,-8.935641859947765,11.435615089592924,0.875
1177,-8.254844723838708,10.07397451441637,0.5
1178,-8.05415006782382,9.67257653175886,0.75
1179,-7.746889726246065,9.057936527377715,0.75
1180,-7.050872242141538,7.66581600723587,0.75
1181,-7.6039449934694385,8.77196256987768,0.875
1182,-7.335052645527717,8.234180080542549,0.75
1183,-7.481351313384971,8.52680395701368,0.75
1184,-9.01555928499192,11.595262782385117,0.875
1185,-8.089048481897995,9.74222187862857,0.75
1186,-11.572999216049098,16.7102489226614,0.75
1187,-7.700818197463757,8.96570957738866,1.0
1188,-8.00467341707418,9.573499152466583,0.625
1189,-8.154428358023754,9.872960087586682,0.75
1190,-8.15471743351887,9.873559803976825,0.75
1191,-7.557767286965456,8.679680202540665,0.875
1192,-7.507280905882455,8.578654040301299,0.375
1193,-7.327968018657897,8.220056781815387,1.0
1194,-7.888843505668399,9.341921266760268,1.0
1195,-8.228186894426742,10.020633401049103,0.75
1196,-7.5975067380159995,8.759215007530889,0.875
1197,-7.143749149119878,7.8516545056200915,0.75
1198,-7.318945693879563,8.20206999803414,0.625
1199,-7.645509008207586,8.855074668932426,0.625
